{"cameraMode":{"drawMode":0,"name":"Shaded","section":"Shading Mode"},"sceneLighting":true,"audioPlay":false,"sceneViewState":{"showFog":true,"showMaterialUpdate":false,"showSkybox":true,"showFlares":true,"showImageEffects":true,"showParticleSystems":true},"in2DMode":false,"pivot":{"x":-0.3058013916015625,"y":1.2041864395141602,"z":1.868896484375},"rotation":{"x":-0.005961510818451643,"y":-0.11344900727272034,"z":0.0006817490793764591,"w":-0.993536114692688},"size":0.9914892315864563,"orthographic":true}